"Nombre_Genero_Victima_Texto","n","prop"
"Hombre",451,0.474736842105263
"Mujer",491,0.516842105263158
"Otro",8,0.00842105263157895
